[
	{
		"name": "Jimmy Feline",
		"photo": "images/1.jpeg",
		"bio": "Thinker. Devoted explorer. Extreme twitter guru. Professional music fan. Baconaholic. Travel lover.",
		"location": "Stuttgart"
	},
	{
		"name": "Mrs. Catserole",
		"photo": "images/2.jpeg",
		"bio": "Passionate coffee specialist. Troublemaker. Zombie enthusiast. Travel scholar. Bacon trailblazer. Pop culture junkie.",
		"location": "Munich"
	},
	{
		"name": "Colin Furrth",
		"photo": "images/3.jpeg",
		"bio": "Hipster-friendly explorer. Coffee fanatic. Total student. Gamer. Subtly charming web scholar. Zombie maven. Travel guru.",
		"location": "Bremen"
	},
	{
		"name": "Mewlon",
		"photo": "images/4.jpeg",
		"bio": "Hardcore gamer. Organizer. Tv maven. Communicator. Award-winning bacon aficionado. General writer. Pop culture nerd. Analyst. Reader.",
		"location": "Hamburg"
	},
	{
		"name": "Bob Meowerly",
		"photo": "images/5.jpeg",
		"bio": "Alcohol trailblazer. Entrepreneur. Explorer. Music nerd. Pop cultureaholic. Troublemaker.",
		"location": "Hannover"
	},
	{
		"name": "Lara Clawft",
		"photo": "images/6.jpeg",
		"bio": "Reader. Gamer. Music expert. Problem solver. Analyst. Wannabe writer. Award-winning zombie fanatic.",
		"location": "Düsseldorf"
	},
	{
		"name": "Purrson",
		"photo": "images/7.jpeg",
		"bio": "Food fanatic. Beer advocate. Thinker. Analyst. Devoted problem solver. Twitter scholar.",
		"location": "Berlin"
	},
	{
		"name": "Jennifur",
		"photo": "images/8.jpeg",
		"bio": "Coffee aficionado. Bacon geek. Tv enthusiast. Travel guru. Music specialist.",
		"location": "Erfurt"
	},
	{
		"name": "Opurrah Whisker",
		"photo": "images/9.jpeg",
		"bio": "Travel fanatic. Entrepreneur. Zombie scholar. Internet maven. Avid coffee lover. Foodaholic.",
		"location": "Dresden"
	},
	{
		"name": "Catalie Portman",
		"photo": "images/10.jpeg",
		"bio": "Introvert. Lifelong internet aficionado. Web fan. Analyst. Entrepreneur. Beer buff. Student.",
		"location": "Berlin"
	}
]
